<?xml version='1.0' encoding='utf-8' standalone='yes' ?>
<map>
    <string name="privacy_policy_url">https://tsports.com/privacy-policy</string>
    <string name="pref_reg_type">MSISDN</string>
    <int name="content-by-share-urlv2" value="899" />
    <int name="content-by-share-urlv1" value="322" />
    <boolean name="pref_is_update_available" value="false" />
    <string name="pref_bl_dob_channel">6</string>
    <string name="robi_dob_unsubscribe_url">https://mapi-cdn.tsports.com/v1/robi-cancel-subscription</string>
    <int name="pref_heartBeatHttpCallFrequency" value="10" />
    <string name="pref_gp_dob_tran_status_with_partners_reference_code">https://api.dob.telenordigital.com/partner/payment/v1/</string>
    <string name="pocket_approved_url">https://mapi-cdn.tsports.com/v2/pocket-callback</string>
    <string name="pref_gp_dob_charge_with_acr">https://api.dob.telenordigital.com/partner/payment/v1/</string>
    <long name="pref_last_login_api_call_time" value="1732881659456" />
    <string name="robi_dob_billing_page_api_url">https://robi.mife-aoc.com/robi/aoc/</string>
    <string name="0">1</string>
    <string name="pref_mqtt_user_name"></string>
    <int name="series-sessionv2" value="15" />
    <string name="pocket_secret_key">UTdokgsMNV3Njx7etFLcuaM2ltPhRRep</string>
    <string name="passwd">0ecbe8752e7e460fdb77807cd112fdb6</string>
    <string name="pref_gp_dob_create_acr_with_pin">https://api.dob.telenordigital.com/partner/acrs</string>
    <string name="pref_geoCountry">Bangladesh</string>
    <string name="robi_dob_charge_token_api_url">https://robi-prod.mife-aoc.com/api/getAOCToken</string>
    <string name="pref_subscriber_emailaddress">sahadot.age.tor.ma.re.chude.ay@gamil.com</string>
    <string name="pref_subscriber_ip">103.25.250.128</string>
    <int name="fixture-cricketv2" value="863" />
    <int name="fixture-cricketv1" value="316" />
    <string name="payment_support_phone_number">09610960121  </string>
    <string name="ssl_store_id">tsportslive</string>
    <int name="pref_subscriber_id" value="2848002" />
    <string name="robi_dob_username">tsports</string>
    <int name="contents-relatedv2" value="898" />
    <int name="content-featuredv2" value="95" />
    <string name="pref_live_score_feed_url"></string>
    <string name="robi_dob_charge_status_api_url">https://robi-prod.mife-aoc.com/api/chargeStatus</string>
    <string name="pref_ad_id">eb3b6867-cc71-4802-9819-859a10f6ab2e</string>
    <int name="contents-relatedv1" value="321" />
    <string name="pref_fag_page_url"></string>
    <int name="claim-coupon-codev2" value="81" />
    <boolean name="pref_is_fb_event_active" value="false" />
    <string name="pref_cast_url"></string>
    <int name="contents-by-searchv2" value="898" />
    <int name="contents-by-searchv1" value="321" />
    <string name="pref_subscriber_msisdn">+8801774351462</string>
    <string name="pref_user_name">+8801774351462</string>
    <boolean name="pref_mqtt_is_active" value="false" />
    <string name="pocket_decline_url">https://mapi-cdn.tsports.com/v2/pocket-callback</string>
    <string name="pref_bl_dob_base_url">https://blk-6d-sdp.banglalink.net/api</string>
    <string name="youtube_page_url"></string>
    <string name="pocket_username">tsports_app</string>
    <string name="pref_cast_receiver_id"></string>
    <boolean name="VER" value="true" />
    <string name="pref_geocity"></string>
    <int name="pollingv1" value="6" />
    <int name="pollingv2" value="80" />
    <int name="pref_player_max_bit_rate_cellular" value="-1" />
    <string name="pref_bl_dob_password">TSports#10</string>
    <string name="news_feed_url">https://news.tsports.com/posts/last</string>
    <string name="robi_dob_call_back_url">https://mapi-cdn.tsports.com/v1/getTran</string>
    <string name="pref_robi_dob_api_key">UkmZbnqv0W1xfFwi</string>
    <string name="pref_subscriber_photo"></string>
    <string name="pref_interest">Sports</string>
    <int name="home-page-series-contentsv2" value="122" />
    <long name="score_cricket_board_refresh_time" value="45000" />
    <boolean name="pref_update_mandatory" value="false" />
    <int name="pref_player_retry_Count" value="3" />
    <string name="pocket_password">bc1Kfmx5+7zIQhnQR9McOASPoXp9KfPJkOYG4PFNTwI=</string>
    <string name="pref_update_message"></string>
    <string name="pocket_cancel_url">https://mapi-cdn.tsports.com/v2/pocket-callback</string>
    <int name="pref_vast_frequency" value="1" />
    <int name="content-signed-cookiev2" value="898" />
    <string name="pref_subscriber_address"></string>
    <string name="pref_gp_dob_authorization">Basic dHNwb3J0czpxRGNOcHhFSlRGaTFKZGJyNTROaDVEYlJ0aE5yOHFYNw==</string>
    <int name="premium-packagesv2" value="86" />
    <boolean name="pref_is_fcm_event_active" value="true" />
    <int name="contents-featuredv1" value="326" />
    <int name="contents-featuredv2" value="898" />
    <string name="pref_subscriber_name">সাহাদত আগে তুই তোর মা রে চুদে দেখ কেমন লাগে তারপর অন্যের চিত্না করিস</string>
    <string name="pref_user_interest"></string>
    <int name="score-card-cricketv1" value="9" />
    <int name="score-card-cricketv2" value="82" />
    <string name="systemTime">2024-11-29 18:00:59</string>
    <int name="contentsv1" value="464" />
    <int name="contentsv2" value="899" />
    <int name="series-contentsv2" value="122" />
    <string name="ssl_ipn_url">https://mapi-cdn.tsports.com/v2/ssl_commerz_ipn</string>
    <string name="pref_mqtt_host">ssl://im.tsportslive.com:1883</string>
    <string name="pref_bl_dob_cp_id">184</string>
    <string name="terms_and_conditions_url">https://tsports.com/terms-and-conditions</string>
    <string name="pref_gp_dob_create_pin">https://api.dob.telenordigital.com/partner/pin</string>
    <string name="pref_ad_id_update_date">2024-11-29</string>
    <string name="pref_pocket_xapi_token">dd78f990d20fd0fb2d0c53f0b5e15254</string>
    <string name="pref_bl_dob_username">Tsports</string>
    <string name="facebook_page_url"></string>
    <string name="pocket_validate_payment_request">https://api.abgpocket.com/api/v1/merchant/external-payment/validate-request</string>
    <string name="ssl_refund_policy">https://mapi-cdn.tsports.com/v2/refund-policy.html</string>
    <string name="pref_mqtt_password"></string>
    <int name="trending-contentsv2" value="214" />
    <string name="pocket_payment_status_check">https://api.abgpocket.com/api/v1/merchant/external-payment/status/</string>
    <string name="ssl_store_pass">641C3F9876ABA68559</string>
    <string name="pref_gp_dob_api_send_sms">https://api.dob.telenordigital.com/partner/smsmessaging/v2/outbound/tel:+88022900/requests</string>
    <string name="pocket_merchant_code">t_sports01</string>
</map>
